jvm_source,rust_source,status
com/lumiyaviewer/lumiya/utils/AbstractFilter.kt,src/utils.rs,contract
com/lumiyaviewer/lumiya/utils/HasList.kt,src/utils.rs,contract
com/lumiyaviewer/lumiya/utils/Identifiable.kt,src/utils.rs,contract
com/lumiyaviewer/lumiya/react/DisposeHandler.kt,src/callbacks.rs,contract
com/lumiyaviewer/lumiya/react/Refreshable.kt,src/callbacks.rs,contract
com/lumiyaviewer/lumiya/react/RefreshableOne.kt,src/callbacks.rs,contract
com/lumiyaviewer/lumiya/react/UnsubscribableOne.kt,src/callbacks.rs,contract
com/lumiyaviewer/lumiya/res/executors/Startable.kt,src/callbacks.rs,contract
com/lumiyaviewer/lumiya/slproto/users/manager/OnListUpdated.kt,src/callbacks.rs,contract
com/lumiyaviewer/lumiya/utils/reqset/RequestCompleteListener.kt,src/callbacks.rs,contract
com/lumiyaviewer/lumiya/utils/reqset/RequestListener.kt,src/callbacks.rs,contract
com/lumiyaviewer/lumiya/BuildConfig.kt,src/migration_batch.rs,behavior
com/lumiyaviewer/lumiya/eventbus/EventHandler.kt,src/migration_batch.rs,boundary
com/lumiyaviewer/lumiya/licensing/LicenseChecker.kt,src/migration_batch.rs,boundary
com/lumiyaviewer/lumiya/media/AudioIntentReceiver.kt,src/migration_batch.rs,boundary
com/lumiyaviewer/lumiya/react/RequestHandler.kt,src/migration_batch.rs,behavior
com/lumiyaviewer/lumiya/react/RequestHandlerLimits.kt,src/migration_batch.rs,behavior
com/lumiyaviewer/lumiya/react/RequestQueue.kt,src/migration_batch.rs,behavior
com/lumiyaviewer/lumiya/react/RequestSource.kt,src/migration_batch.rs,behavior
com/lumiyaviewer/lumiya/react/ResultHandler.kt,src/migration_batch.rs,behavior
com/lumiyaviewer/lumiya/react/SimpleRequestHandler.kt,src/migration_batch.rs,behavior
com/lumiyaviewer/lumiya/react/Subscribable.kt,src/migration_batch.rs,behavior
com/lumiyaviewer/lumiya/react/SubscriptionSingleKey.kt,src/migration_batch.rs,behavior
com/lumiyaviewer/lumiya/render/GLTexture.kt,src/migration_batch.rs,behavior
com/lumiyaviewer/lumiya/render/HeadTransformCompat.kt,src/migration_batch.rs,behavior
com/lumiyaviewer/lumiya/render/TouchHUDEvent.kt,src/migration_batch.rs,behavior
com/lumiyaviewer/lumiya/render/avatar/AnimationTiming.kt,src/migration_batch.rs,behavior
com/lumiyaviewer/lumiya/render/glres/GLResource.kt,src/migration_batch.rs,boundary
com/lumiyaviewer/lumiya/render/glres/GLSizedResource.kt,src/migration_batch.rs,boundary
com/lumiyaviewer/lumiya/render/glres/textures/GLLoadedTextTexture.kt,src/migration_batch.rs,boundary
com/lumiyaviewer/lumiya/render/shaders/FlexiPrimProgram.kt,src/migration_batch.rs,boundary
com/lumiyaviewer/lumiya/render/shaders/PrimProgram.kt,src/migration_batch.rs,boundary
com/lumiyaviewer/lumiya/render/shaders/ShaderCompileException.kt,src/migration_batch.rs,behavior
com/lumiyaviewer/lumiya/render/spatial/SpatialBox.kt,src/migration_batch.rs,behavior
com/lumiyaviewer/lumiya/render/spatial/SpatialListEntry.kt,src/migration_batch.rs,behavior
com/lumiyaviewer/lumiya/res/collections/PriorityRunnable.kt,src/migration_batch.rs,boundary
com/lumiyaviewer/lumiya/res/text/DrawableTextParams.kt,src/migration_batch.rs,behavior
com/lumiyaviewer/lumiya/res/textures/MemoryLimitedStartingExecutor.kt,src/migration_batch.rs,boundary
com/lumiyaviewer/lumiya/slproto/SLCircuitInfo.kt,src/migration_batch.rs,behavior
com/lumiyaviewer/lumiya/slproto/SLMessageEventListener.kt,src/migration_batch.rs,behavior
com/lumiyaviewer/lumiya/slproto/assets/AssetFormatException.kt,src/migration_batch.rs,behavior
com/lumiyaviewer/lumiya/slproto/avatar/MeshIndex.kt,src/migration_batch.rs,behavior
com/lumiyaviewer/lumiya/slproto/avatar/SLAvatarParamsDef.kt,src/migration_batch.rs,behavior
com/lumiyaviewer/lumiya/slproto/baker/BakeLayerSet.kt,src/migration_batch.rs,behavior
com/lumiyaviewer/lumiya/slproto/handler/SLEventQueueMessageHandler.kt,src/migration_batch.rs,boundary
com/lumiyaviewer/lumiya/slproto/handler/SLMessageHandler.kt,src/migration_batch.rs,boundary
com/lumiyaviewer/lumiya/slproto/inventory/SLTaskInventory.kt,src/migration_batch.rs,behavior
com/lumiyaviewer/lumiya/slproto/llsd/LLSDException.kt,src/migration_batch.rs,behavior
com/lumiyaviewer/lumiya/slproto/llsd/LLSDInvalidKeyException.kt,src/migration_batch.rs,behavior
com/lumiyaviewer/lumiya/slproto/llsd/LLSDSerialized.kt,src/migration_batch.rs,behavior
com/lumiyaviewer/lumiya/slproto/llsd/LLSDValueTypeException.kt,src/migration_batch.rs,behavior
com/lumiyaviewer/lumiya/slproto/llsd/LLSDXMLException.kt,src/migration_batch.rs,behavior
com/lumiyaviewer/lumiya/slproto/llsd/types/LLSDUndefined.kt,src/migration_batch.rs,behavior
com/lumiyaviewer/lumiya/slproto/mesh/MeshJointTranslations.kt,src/migration_batch.rs,behavior
com/lumiyaviewer/lumiya/slproto/mesh/MeshWeightsBuffer.kt,src/migration_batch.rs,behavior
com/lumiyaviewer/lumiya/slproto/modules/rlv/RLVCommand.kt,src/migration_batch.rs,behavior
com/lumiyaviewer/lumiya/slproto/modules/rlv/commands/RLVCmdAcceptTeleport.kt,src/migration_batch.rs,behavior
com/lumiyaviewer/lumiya/slproto/modules/rlv/commands/RLVCmdAddOutfit.kt,src/migration_batch.rs,behavior
com/lumiyaviewer/lumiya/slproto/modules/rlv/commands/RLVCmdEditObjects.kt,src/migration_batch.rs,behavior
com/lumiyaviewer/lumiya/slproto/modules/rlv/commands/RLVCmdRecvChat.kt,src/migration_batch.rs,behavior
com/lumiyaviewer/lumiya/slproto/modules/rlv/commands/RLVCmdRecvIM.kt,src/migration_batch.rs,behavior
com/lumiyaviewer/lumiya/slproto/modules/rlv/commands/RLVCmdRezObjects.kt,src/migration_batch.rs,behavior
com/lumiyaviewer/lumiya/slproto/modules/rlv/commands/RLVCmdSendChannel.kt,src/migration_batch.rs,behavior
com/lumiyaviewer/lumiya/slproto/modules/rlv/commands/RLVCmdSendChat.kt,src/migration_batch.rs,behavior
com/lumiyaviewer/lumiya/slproto/modules/rlv/commands/RLVCmdSendIM.kt,src/migration_batch.rs,behavior
com/lumiyaviewer/lumiya/slproto/modules/rlv/commands/RLVCmdShowInventory.kt,src/migration_batch.rs,behavior
com/lumiyaviewer/lumiya/slproto/modules/rlv/commands/RLVCmdTeleportLandmark.kt,src/migration_batch.rs,behavior
com/lumiyaviewer/lumiya/slproto/modules/rlv/commands/RLVCmdTeleportLocation.kt,src/migration_batch.rs,behavior
com/lumiyaviewer/lumiya/slproto/modules/rlv/commands/RLVCmdTeleportLure.kt,src/migration_batch.rs,behavior
com/lumiyaviewer/lumiya/slproto/modules/rlv/commands/RLVCmdTeleportSit.kt,src/migration_batch.rs,behavior
com/lumiyaviewer/lumiya/slproto/modules/rlv/commands/RLVCmdUnsit.kt,src/migration_batch.rs,behavior
com/lumiyaviewer/lumiya/slproto/modules/rlv/commands/RLVCmdViewNotecard.kt,src/migration_batch.rs,behavior
com/lumiyaviewer/lumiya/slproto/objects/HoverText.kt,src/migration_batch.rs,behavior
com/lumiyaviewer/lumiya/slproto/objects/PayInfo.kt,src/migration_batch.rs,behavior
com/lumiyaviewer/lumiya/slproto/objects/SLObjectPrimInfo.kt,src/migration_batch.rs,behavior
com/lumiyaviewer/lumiya/slproto/objects/SLPrimObjectDisplayInfo.kt,src/migration_batch.rs,behavior
com/lumiyaviewer/lumiya/slproto/objects/UnsupportedObjectTypeException.kt,src/migration_batch.rs,behavior
com/lumiyaviewer/lumiya/slproto/prims/PrimMath.kt,src/migration_batch.rs,behavior
com/lumiyaviewer/lumiya/slproto/types/LLVector3d.kt,src/migration_batch.rs,behavior
com/lumiyaviewer/lumiya/slproto/users/events/EventActiveChattersChanged.kt,src/migration_batch.rs,behavior
com/lumiyaviewer/lumiya/slproto/users/events/EventUserOnlineStatusChanged.kt,src/migration_batch.rs,behavior
com/lumiyaviewer/lumiya/slproto/users/manager/ChatterListType.kt,src/migration_batch.rs,behavior
com/lumiyaviewer/lumiya/slproto/users/manager/CurrentLocationInfo.kt,src/migration_batch.rs,behavior
com/lumiyaviewer/lumiya/slproto/users/manager/MyAvatarState.kt,src/migration_batch.rs,behavior
com/lumiyaviewer/lumiya/slproto/users/manager/UnreadMessageInfo.kt,src/migration_batch.rs,behavior
com/lumiyaviewer/lumiya/slproto/users/manager/assets/AssetData.kt,src/migration_batch.rs,behavior
com/lumiyaviewer/lumiya/ui/RequestCodes.kt,src/migration_batch.rs,behavior
com/lumiyaviewer/lumiya/ui/chat/ChatterDisplayInfo.kt,src/migration_batch.rs,behavior
com/lumiyaviewer/lumiya/ui/chat/ExportResult.kt,src/migration_batch.rs,behavior
com/lumiyaviewer/lumiya/ui/chat/contacts/ActiveChattersFragment.kt,src/migration_batch.rs,boundary
com/lumiyaviewer/lumiya/ui/chat/contacts/FriendListFragment.kt,src/migration_batch.rs,boundary
com/lumiyaviewer/lumiya/ui/chat/contacts/GroupListFragment.kt,src/migration_batch.rs,boundary
com/lumiyaviewer/lumiya/ui/chat/contacts/NearbyUsersFragment.kt,src/migration_batch.rs,boundary
com/lumiyaviewer/lumiya/ui/common/ConnectionFragment.kt,src/migration_batch.rs,boundary
com/lumiyaviewer/lumiya/ui/common/FragmentActivityFactory.kt,src/migration_batch.rs,boundary
com/lumiyaviewer/lumiya/ui/common/OnInterceptTouchEventListener.kt,src/migration_batch.rs,boundary
com/lumiyaviewer/lumiya/ui/inventory/UploadImageParams.kt,src/migration_batch.rs,boundary
com/lumiyaviewer/lumiya/ui/myava/MyProfileFragment.kt,src/migration_batch.rs,boundary
com/lumiyaviewer/lumiya/ui/render/ChatEventOverlay.kt,src/migration_batch.rs,boundary
com/lumiyaviewer/lumiya/ui/render/MoveControl.kt,src/migration_batch.rs,behavior
com/lumiyaviewer/lumiya/ui/render/vr/CardboardRuntime.kt,src/migration_batch.rs,boundary
com/lumiyaviewer/lumiya/ui/render/vr/OpenXrSessionFactory.kt,src/migration_batch.rs,boundary
com/lumiyaviewer/lumiya/ui/render/vr/VrEye.kt,src/migration_batch.rs,behavior
com/lumiyaviewer/lumiya/ui/render/vr/VrPose.kt,src/migration_batch.rs,behavior
com/lumiyaviewer/lumiya/ui/render/vr/VrRuntime.kt,src/migration_batch.rs,behavior
com/lumiyaviewer/lumiya/ui/settings/SettingsSubPageFragment.kt,src/migration_batch.rs,boundary
com/lumiyaviewer/lumiya/utils/CreateFailureException.kt,src/migration_batch.rs,behavior
com/lumiyaviewer/lumiya/utils/IdentityMatrix.kt,src/migration_batch.rs,behavior
com/lumiyaviewer/lumiya/utils/InlineListEntry.kt,src/migration_batch.rs,behavior
com/lumiyaviewer/lumiya/utils/InternPool.kt,src/migration_batch.rs,behavior
com/lumiyaviewer/lumiya/voice/common/BuildConfig.kt,src/migration_batch.rs,behavior
com/lumiyaviewer/lumiya/slproto/messages/SimulatorShutdownRequest.kt,src/protocol_messages.rs,contract
com/lumiyaviewer/lumiya/slproto/messages/EconomyDataRequest.kt,src/protocol_messages.rs,contract
com/lumiyaviewer/lumiya/slproto/messages/TallyVotes.kt,src/protocol_messages.rs,contract
com/lumiyaviewer/lumiya/slproto/messages/CloseCircuit.kt,src/protocol_messages.rs,contract
com/lumiyaviewer/lumiya/slproto/messages/DisableSimulator.kt,src/protocol_messages.rs,contract
com/lumiyaviewer/lumiya/slproto/messages/SubscribeLoad.kt,src/protocol_messages.rs,contract
com/lumiyaviewer/lumiya/slproto/messages/UnsubscribeLoad.kt,src/protocol_messages.rs,contract
com/lumiyaviewer/lumiya/slproto/messages/RequestTrustedCircuit.kt,src/protocol_messages.rs,contract
com/lumiyaviewer/lumiya/slproto/messages/CompletePingCheck.kt,src/protocol_messages.rs,contract
com/lumiyaviewer/lumiya/slproto/messages/CameraConstraint.kt,src/protocol_messages.rs,contract
com/lumiyaviewer/lumiya/slproto/messages/KillChildAgents.kt,src/protocol_messages.rs,contract
com/lumiyaviewer/lumiya/slproto/messages/SetCPURatio.kt,src/protocol_messages.rs,contract
com/lumiyaviewer/lumiya/slproto/messages/UseCachedMuteList.kt,src/protocol_messages.rs,contract
com/lumiyaviewer/lumiya/slproto/messages/AgentSit.kt,src/protocol_messages.rs,contract
com/lumiyaviewer/lumiya/slproto/messages/AtomicPassObject.kt,src/protocol_messages.rs,contract
com/lumiyaviewer/lumiya/slproto/messages/NetTest.kt,src/protocol_messages.rs,contract
com/lumiyaviewer/lumiya/slproto/messages/RebakeAvatarTextures.kt,src/protocol_messages.rs,contract
com/lumiyaviewer/lumiya/slproto/messages/RegionHandleRequest.kt,src/protocol_messages.rs,contract
com/lumiyaviewer/lumiya/slproto/messages/RequestPayPrice.kt,src/protocol_messages.rs,contract
com/lumiyaviewer/lumiya/slproto/messages/SimStatus.kt,src/protocol_messages.rs,contract
com/lumiyaviewer/lumiya/slproto/messages/SimulatorMapUpdate.kt,src/protocol_messages.rs,contract
com/lumiyaviewer/lumiya/slproto/messages/ClearFollowCamProperties.kt,src/protocol_messages.rs,contract
com/lumiyaviewer/lumiya/slproto/messages/ConfirmXferPacket.kt,src/protocol_messages.rs,contract
com/lumiyaviewer/lumiya/slproto/messages/HealthMessage.kt,src/protocol_messages.rs,contract
com/lumiyaviewer/lumiya/slproto/messages/TeleportLandingStatusChanged.kt,src/protocol_messages.rs,contract
com/lumiyaviewer/lumiya/slproto/messages/TeleportStart.kt,src/protocol_messages.rs,contract
com/lumiyaviewer/lumiya/slproto/messages/ViewerFrozenMessage.kt,src/protocol_messages.rs,contract
com/lumiyaviewer/lumiya/slproto/messages/AgentDataUpdateRequest.kt,src/protocol_messages.rs,contract
com/lumiyaviewer/lumiya/slproto/messages/ChildAgentUnknown.kt,src/protocol_messages.rs,contract
com/lumiyaviewer/lumiya/slproto/messages/ConfirmAuctionStart.kt,src/protocol_messages.rs,contract
com/lumiyaviewer/lumiya/slproto/messages/ConfirmEnableSimulator.kt,src/protocol_messages.rs,contract
com/lumiyaviewer/lumiya/slproto/messages/DetachAttachmentIntoInv.kt,src/protocol_messages.rs,contract
com/lumiyaviewer/lumiya/slproto/messages/EdgeDataPacket.kt,src/protocol_messages.rs,contract
com/lumiyaviewer/lumiya/slproto/messages/FormFriendship.kt,src/protocol_messages.rs,contract
com/lumiyaviewer/lumiya/slproto/messages/ImageNotInDatabase.kt,src/protocol_messages.rs,contract
com/lumiyaviewer/lumiya/slproto/messages/NearestLandingRegionReply.kt,src/protocol_messages.rs,contract
com/lumiyaviewer/lumiya/slproto/messages/NearestLandingRegionRequest.kt,src/protocol_messages.rs,contract
com/lumiyaviewer/lumiya/slproto/messages/NearestLandingRegionUpdated.kt,src/protocol_messages.rs,contract
com/lumiyaviewer/lumiya/slproto/messages/RegionIDAndHandleReply.kt,src/protocol_messages.rs,contract
com/lumiyaviewer/lumiya/slproto/messages/ReportAutosaveCrash.kt,src/protocol_messages.rs,contract
com/lumiyaviewer/lumiya/slproto/messages/UndoLand.kt,src/protocol_messages.rs,contract
com/lumiyaviewer/lumiya/slproto/messages/UserInfoRequest.kt,src/protocol_messages.rs,contract
com/lumiyaviewer/lumiya/slproto/messages/AbortXfer.kt,src/protocol_messages.rs,contract
com/lumiyaviewer/lumiya/slproto/messages/AttachedSoundGainChange.kt,src/protocol_messages.rs,contract
com/lumiyaviewer/lumiya/slproto/messages/ChildAgentDying.kt,src/protocol_messages.rs,contract
com/lumiyaviewer/lumiya/slproto/messages/ForceScriptControlRelease.kt,src/protocol_messages.rs,contract
com/lumiyaviewer/lumiya/slproto/messages/GetScriptRunning.kt,src/protocol_messages.rs,contract
com/lumiyaviewer/lumiya/slproto/messages/KickUserAck.kt,src/protocol_messages.rs,contract
com/lumiyaviewer/lumiya/slproto/messages/LiveHelpGroupRequest.kt,src/protocol_messages.rs,contract
com/lumiyaviewer/lumiya/slproto/messages/RequestRegionInfo.kt,src/protocol_messages.rs,contract
com/lumiyaviewer/lumiya/slproto/messages/TeleportCancel.kt,src/protocol_messages.rs,contract
com/lumiyaviewer/lumiya/slproto/messages/EstateCovenantRequest.kt,src/protocol_messages.rs,contract
com/lumiyaviewer/lumiya/slproto/messages/LogoutRequest.kt,src/protocol_messages.rs,contract
com/lumiyaviewer/lumiya/slproto/messages/OpenCircuit.kt,src/protocol_messages.rs,contract
com/lumiyaviewer/lumiya/slproto/messages/RetrieveInstantMessages.kt,src/protocol_messages.rs,contract
com/lumiyaviewer/lumiya/slproto/messages/StartPingCheck.kt,src/protocol_messages.rs,contract
com/lumiyaviewer/lumiya/slproto/messages/TransferAbort.kt,src/protocol_messages.rs,contract
com/lumiyaviewer/lumiya/slproto/messages/TransferInventoryAck.kt,src/protocol_messages.rs,contract
com/lumiyaviewer/lumiya/slproto/messages/VelocityInterpolateOff.kt,src/protocol_messages.rs,contract
com/lumiyaviewer/lumiya/slproto/messages/VelocityInterpolateOn.kt,src/protocol_messages.rs,contract
com/lumiyaviewer/lumiya/slproto/messages/AgentPause.kt,src/protocol_messages.rs,contract
com/lumiyaviewer/lumiya/slproto/messages/AgentResume.kt,src/protocol_messages.rs,contract
com/lumiyaviewer/lumiya/slproto/messages/DerezContainer.kt,src/protocol_messages.rs,contract
com/lumiyaviewer/lumiya/slproto/messages/ActivateGroup.kt,src/protocol_messages.rs,contract
com/lumiyaviewer/lumiya/slproto/messages/AgentWearablesRequest.kt,src/protocol_messages.rs,contract
com/lumiyaviewer/lumiya/slproto/messages/CreateTrustedCircuit.kt,src/protocol_messages.rs,contract
com/lumiyaviewer/lumiya/slproto/messages/DeRezAck.kt,src/protocol_messages.rs,contract
com/lumiyaviewer/lumiya/slproto/messages/DenyTrustedCircuit.kt,src/protocol_messages.rs,contract
com/lumiyaviewer/lumiya/slproto/messages/EmailMessageRequest.kt,src/protocol_messages.rs,contract
com/lumiyaviewer/lumiya/slproto/messages/InventoryAssetResponse.kt,src/protocol_messages.rs,contract
com/lumiyaviewer/lumiya/slproto/messages/LayerData.kt,src/protocol_messages.rs,contract
com/lumiyaviewer/lumiya/slproto/messages/LiveHelpGroupReply.kt,src/protocol_messages.rs,contract
com/lumiyaviewer/lumiya/slproto/messages/SetAlwaysRun.kt,src/protocol_messages.rs,contract
com/lumiyaviewer/lumiya/slproto/messages/TeleportLandmarkRequest.kt,src/protocol_messages.rs,contract
com/lumiyaviewer/lumiya/slproto/messages/AssetUploadComplete.kt,src/protocol_messages.rs,contract
com/lumiyaviewer/lumiya/slproto/messages/AvatarPropertiesRequest.kt,src/protocol_messages.rs,contract
com/lumiyaviewer/lumiya/slproto/messages/ChildAgentAlive.kt,src/protocol_messages.rs,contract
com/lumiyaviewer/lumiya/slproto/messages/EnableSimulator.kt,src/protocol_messages.rs,contract
com/lumiyaviewer/lumiya/slproto/messages/FeatureDisabled.kt,src/protocol_messages.rs,contract
com/lumiyaviewer/lumiya/slproto/messages/InternalScriptMail.kt,src/protocol_messages.rs,contract
com/lumiyaviewer/lumiya/slproto/messages/ParcelMediaCommandMessage.kt,src/protocol_messages.rs,contract
com/lumiyaviewer/lumiya/slproto/messages/ReplyTaskInventory.kt,src/protocol_messages.rs,contract
com/lumiyaviewer/lumiya/slproto/messages/RpcChannelReply.kt,src/protocol_messages.rs,contract
com/lumiyaviewer/lumiya/slproto/messages/ScriptRunningReply.kt,src/protocol_messages.rs,contract
com/lumiyaviewer/lumiya/slproto/messages/AgentDropGroup.kt,src/protocol_messages.rs,contract
com/lumiyaviewer/lumiya/slproto/messages/CheckParcelAuctions.kt,src/protocol_messages.rs,contract
com/lumiyaviewer/lumiya/slproto/messages/CheckParcelSales.kt,src/protocol_messages.rs,contract
com/lumiyaviewer/lumiya/slproto/messages/CompleteAgentMovement.kt,src/protocol_messages.rs,contract
com/lumiyaviewer/lumiya/slproto/messages/EventLocationRequest.kt,src/protocol_messages.rs,contract
com/lumiyaviewer/lumiya/slproto/messages/KillObject.kt,src/protocol_messages.rs,contract
com/lumiyaviewer/lumiya/slproto/messages/RegionPresenceRequestByHandle.kt,src/protocol_messages.rs,contract
com/lumiyaviewer/lumiya/slproto/messages/SimulatorSetMap.kt,src/protocol_messages.rs,contract
com/lumiyaviewer/lumiya/slproto/messages/CancelAuction.kt,src/protocol_messages.rs,contract
com/lumiyaviewer/lumiya/slproto/messages/GroupTitleUpdate.kt,src/protocol_messages.rs,contract
com/lumiyaviewer/lumiya/slproto/messages/GroupTitlesRequest.kt,src/protocol_messages.rs,contract
com/lumiyaviewer/lumiya/slproto/messages/ImagePacket.kt,src/protocol_messages.rs,contract
com/lumiyaviewer/lumiya/slproto/messages/RequestInventoryAsset.kt,src/protocol_messages.rs,contract
com/lumiyaviewer/lumiya/slproto/messages/ScriptMailRegistration.kt,src/protocol_messages.rs,contract
com/lumiyaviewer/lumiya/slproto/messages/UpdateSimulator.kt,src/protocol_messages.rs,contract
com/lumiyaviewer/lumiya/slproto/messages/AddCircuitCode.kt,src/protocol_messages.rs,contract
com/lumiyaviewer/lumiya/slproto/messages/AvatarPropertiesRequestBackend.kt,src/protocol_messages.rs,contract
com/lumiyaviewer/lumiya/slproto/messages/CompleteAuction.kt,src/protocol_messages.rs,contract
com/lumiyaviewer/lumiya/slproto/messages/DataHomeLocationReply.kt,src/protocol_messages.rs,contract
com/lumiyaviewer/lumiya/slproto/messages/DataServerLogout.kt,src/protocol_messages.rs,contract
com/lumiyaviewer/lumiya/slproto/messages/ParcelOverlay.kt,src/protocol_messages.rs,contract
com/lumiyaviewer/lumiya/slproto/messages/RegionPresenceRequestByRegionID.kt,src/protocol_messages.rs,contract
com/lumiyaviewer/lumiya/slproto/messages/RpcChannelRequest.kt,src/protocol_messages.rs,contract
com/lumiyaviewer/lumiya/slproto/messages/SendXferPacket.kt,src/protocol_messages.rs,contract
com/lumiyaviewer/lumiya/slproto/messages/SystemKickUser.kt,src/protocol_messages.rs,contract
com/lumiyaviewer/lumiya/slproto/messages/TeleportLureRequest.kt,src/protocol_messages.rs,contract
com/lumiyaviewer/lumiya/slproto/messages/AgentQuitCopy.kt,src/protocol_messages.rs,contract
com/lumiyaviewer/lumiya/slproto/messages/DeclineFriendship.kt,src/protocol_messages.rs,contract
com/lumiyaviewer/lumiya/slproto/messages/ObjectSpinStart.kt,src/protocol_messages.rs,contract
com/lumiyaviewer/lumiya/slproto/messages/ObjectSpinStop.kt,src/protocol_messages.rs,contract
com/lumiyaviewer/lumiya/slproto/messages/OfflineNotification.kt,src/protocol_messages.rs,contract
com/lumiyaviewer/lumiya/slproto/messages/ParcelAuctions.kt,src/protocol_messages.rs,contract
com/lumiyaviewer/lumiya/slproto/messages/ParcelReclaim.kt,src/protocol_messages.rs,contract
com/lumiyaviewer/lumiya/slproto/messages/ParcelSales.kt,src/protocol_messages.rs,contract
com/lumiyaviewer/lumiya/slproto/messages/RemoveParcel.kt,src/protocol_messages.rs,contract
com/lumiyaviewer/lumiya/slproto/messages/RequestTaskInventory.kt,src/protocol_messages.rs,contract
com/lumiyaviewer/lumiya/slproto/messages/TransferPacket.kt,src/protocol_messages.rs,contract
com/lumiyaviewer/lumiya/slproto/messages/AssetUploadRequest.kt,src/protocol_messages.rs,contract
com/lumiyaviewer/lumiya/slproto/messages/AttachedSound.kt,src/protocol_messages.rs,contract
com/lumiyaviewer/lumiya/slproto/messages/DataHomeLocationRequest.kt,src/protocol_messages.rs,contract
com/lumiyaviewer/lumiya/slproto/messages/EstateCovenantReply.kt,src/protocol_messages.rs,contract
com/lumiyaviewer/lumiya/slproto/messages/MoneyBalanceRequest.kt,src/protocol_messages.rs,contract
com/lumiyaviewer/lumiya/slproto/messages/MuteListRequest.kt,src/protocol_messages.rs,contract
com/lumiyaviewer/lumiya/slproto/messages/OnlineNotification.kt,src/protocol_messages.rs,contract
com/lumiyaviewer/lumiya/slproto/messages/PacketAck.kt,src/protocol_messages.rs,contract
com/lumiyaviewer/lumiya/slproto/messages/PurgeInventoryDescendents.kt,src/protocol_messages.rs,contract
com/lumiyaviewer/lumiya/slproto/messages/RpcScriptReplyInbound.kt,src/protocol_messages.rs,contract
com/lumiyaviewer/lumiya/slproto/messages/UUIDGroupNameRequest.kt,src/protocol_messages.rs,contract
com/lumiyaviewer/lumiya/slproto/messages/UseCircuitCode.kt,src/protocol_messages.rs,contract
com/lumiyaviewer/lumiya/slproto/messages/AgentRequestSit.kt,src/protocol_messages.rs,contract
com/lumiyaviewer/lumiya/slproto/messages/DeclineCallingCard.kt,src/protocol_messages.rs,contract
com/lumiyaviewer/lumiya/slproto/messages/GroupNoticesListRequest.kt,src/protocol_messages.rs,contract
com/lumiyaviewer/lumiya/slproto/messages/GroupProfileRequest.kt,src/protocol_messages.rs,contract
com/lumiyaviewer/lumiya/slproto/messages/InviteGroupResponse.kt,src/protocol_messages.rs,contract
com/lumiyaviewer/lumiya/slproto/messages/JoinGroupRequest.kt,src/protocol_messages.rs,contract
com/lumiyaviewer/lumiya/slproto/messages/LeaveGroupRequest.kt,src/protocol_messages.rs,contract
com/lumiyaviewer/lumiya/slproto/messages/ParcelBuyPass.kt,src/protocol_messages.rs,contract
com/lumiyaviewer/lumiya/slproto/messages/ParcelGodMarkAsContent.kt,src/protocol_messages.rs,contract
com/lumiyaviewer/lumiya/slproto/messages/ParcelInfoRequest.kt,src/protocol_messages.rs,contract
com/lumiyaviewer/lumiya/slproto/messages/ParcelObjectOwnersRequest.kt,src/protocol_messages.rs,contract
com/lumiyaviewer/lumiya/slproto/messages/StateSave.kt,src/protocol_messages.rs,contract
com/lumiyaviewer/lumiya/slproto/messages/TrackAgent.kt,src/protocol_messages.rs,contract
com/lumiyaviewer/lumiya/slproto/messages/UUIDNameRequest.kt,src/protocol_messages.rs,contract
com/lumiyaviewer/lumiya/slproto/messages/AgentAlertMessage.kt,src/protocol_messages.rs,contract
com/lumiyaviewer/lumiya/slproto/messages/ClassifiedDelete.kt,src/protocol_messages.rs,contract
com/lumiyaviewer/lumiya/slproto/messages/ClassifiedInfoRequest.kt,src/protocol_messages.rs,contract
com/lumiyaviewer/lumiya/slproto/messages/EventInfoRequest.kt,src/protocol_messages.rs,contract
com/lumiyaviewer/lumiya/slproto/messages/EventNotificationAddRequest.kt,src/protocol_messages.rs,contract
com/lumiyaviewer/lumiya/slproto/messages/EventNotificationRemoveRequest.kt,src/protocol_messages.rs,contract
com/lumiyaviewer/lumiya/slproto/messages/GodKickUser.kt,src/protocol_messages.rs,contract
com/lumiyaviewer/lumiya/slproto/messages/GroupNoticeRequest.kt,src/protocol_messages.rs,contract
com/lumiyaviewer/lumiya/slproto/messages/ImageData.kt,src/protocol_messages.rs,contract
com/lumiyaviewer/lumiya/slproto/messages/InitiateDownload.kt,src/protocol_messages.rs,contract
com/lumiyaviewer/lumiya/slproto/messages/JoinGroupReply.kt,src/protocol_messages.rs,contract
com/lumiyaviewer/lumiya/slproto/messages/LeaveGroupReply.kt,src/protocol_messages.rs,contract
com/lumiyaviewer/lumiya/slproto/messages/ParcelGodForceOwner.kt,src/protocol_messages.rs,contract
com/lumiyaviewer/lumiya/slproto/messages/ParcelRelease.kt,src/protocol_messages.rs,contract
com/lumiyaviewer/lumiya/slproto/messages/PickDelete.kt,src/protocol_messages.rs,contract
com/lumiyaviewer/lumiya/slproto/messages/PreloadSound.kt,src/protocol_messages.rs,contract
com/lumiyaviewer/lumiya/slproto/messages/RemoveAttachment.kt,src/protocol_messages.rs,contract
com/lumiyaviewer/lumiya/slproto/messages/RemoveMuteListEntry.kt,src/protocol_messages.rs,contract
com/lumiyaviewer/lumiya/slproto/messages/RemoveTaskInventory.kt,src/protocol_messages.rs,contract
com/lumiyaviewer/lumiya/slproto/messages/ScriptQuestion.kt,src/protocol_messages.rs,contract
com/lumiyaviewer/lumiya/slproto/messages/ScriptReset.kt,src/protocol_messages.rs,contract
com/lumiyaviewer/lumiya/slproto/messages/ScriptTeleportRequest.kt,src/protocol_messages.rs,contract
com/lumiyaviewer/lumiya/slproto/messages/SetGroupContribution.kt,src/protocol_messages.rs,contract
com/lumiyaviewer/lumiya/slproto/messages/SimWideDeletes.kt,src/protocol_messages.rs,contract
com/lumiyaviewer/lumiya/slproto/messages/TeleportProgress.kt,src/protocol_messages.rs,contract
com/lumiyaviewer/lumiya/slproto/messages/TransferRequest.kt,src/protocol_messages.rs,contract
com/lumiyaviewer/lumiya/slproto/messages/UpdateUserInfo.kt,src/protocol_messages.rs,contract
com/lumiyaviewer/lumiya/slproto/messages/EventLocationReply.kt,src/protocol_messages.rs,contract
com/lumiyaviewer/lumiya/slproto/messages/GroupRoleDataRequest.kt,src/protocol_messages.rs,contract
com/lumiyaviewer/lumiya/slproto/messages/GroupRoleMembersRequest.kt,src/protocol_messages.rs,contract
com/lumiyaviewer/lumiya/slproto/messages/ObjectSpinUpdate.kt,src/protocol_messages.rs,contract
com/lumiyaviewer/lumiya/slproto/messages/ParcelDwellRequest.kt,src/protocol_messages.rs,contract
com/lumiyaviewer/lumiya/slproto/messages/RevokePermissions.kt,src/protocol_messages.rs,contract
com/lumiyaviewer/lumiya/slproto/messages/ScriptControlChange.kt,src/protocol_messages.rs,contract
com/lumiyaviewer/lumiya/slproto/messages/StartAuction.kt,src/protocol_messages.rs,contract
com/lumiyaviewer/lumiya/slproto/messages/AvatarNotesReply.kt,src/protocol_messages.rs,contract
com/lumiyaviewer/lumiya/slproto/messages/AvatarNotesUpdate.kt,src/protocol_messages.rs,contract
com/lumiyaviewer/lumiya/slproto/messages/DirPopularQuery.kt,src/protocol_messages.rs,contract
com/lumiyaviewer/lumiya/slproto/messages/EjectUser.kt,src/protocol_messages.rs,contract
com/lumiyaviewer/lumiya/slproto/messages/MapLayerRequest.kt,src/protocol_messages.rs,contract
com/lumiyaviewer/lumiya/slproto/messages/OfferCallingCard.kt,src/protocol_messages.rs,contract
com/lumiyaviewer/lumiya/slproto/messages/ParcelDeedToGroup.kt,src/protocol_messages.rs,contract
com/lumiyaviewer/lumiya/slproto/messages/ParcelPropertiesRequestByID.kt,src/protocol_messages.rs,contract
com/lumiyaviewer/lumiya/slproto/messages/ParcelSetOtherCleanTime.kt,src/protocol_messages.rs,contract
com/lumiyaviewer/lumiya/slproto/messages/RequestObjectPropertiesFamily.kt,src/protocol_messages.rs,contract
com/lumiyaviewer/lumiya/slproto/messages/SaveAssetIntoInventory.kt,src/protocol_messages.rs,contract
com/lumiyaviewer/lumiya/slproto/messages/SetStartLocation.kt,src/protocol_messages.rs,contract
com/lumiyaviewer/lumiya/slproto/messages/SimulatorViewerTimeMessage.kt,src/protocol_messages.rs,contract
com/lumiyaviewer/lumiya/slproto/messages/TeleportLocal.kt,src/protocol_messages.rs,contract
com/lumiyaviewer/lumiya/slproto/messages/TransferInfo.kt,src/protocol_messages.rs,contract
com/lumiyaviewer/lumiya/slproto/messages/UserInfoReply.kt,src/protocol_messages.rs,contract
com/lumiyaviewer/lumiya/slproto/messages/AgentFOV.kt,src/protocol_messages.rs,contract
com/lumiyaviewer/lumiya/slproto/messages/AgentThrottle.kt,src/protocol_messages.rs,contract
com/lumiyaviewer/lumiya/slproto/messages/AvatarPickerRequestBackend.kt,src/protocol_messages.rs,contract
com/lumiyaviewer/lumiya/slproto/messages/FreezeUser.kt,src/protocol_messages.rs,contract
com/lumiyaviewer/lumiya/slproto/messages/GroupMembersRequest.kt,src/protocol_messages.rs,contract
com/lumiyaviewer/lumiya/slproto/messages/MoveTaskInventory.kt,src/protocol_messages.rs,contract
com/lumiyaviewer/lumiya/slproto/messages/MuteListUpdate.kt,src/protocol_messages.rs,contract
com/lumiyaviewer/lumiya/slproto/messages/ParcelDwellReply.kt,src/protocol_messages.rs,contract
com/lumiyaviewer/lumiya/slproto/messages/RequestGodlikePowers.kt,src/protocol_messages.rs,contract
com/lumiyaviewer/lumiya/slproto/messages/TerminateFriendship.kt,src/protocol_messages.rs,contract
com/lumiyaviewer/lumiya/slproto/messages/ViewerStartAuction.kt,src/protocol_messages.rs,contract
com/lumiyaviewer/lumiya/slproto/messages/AvatarPickerRequest.kt,src/protocol_messages.rs,contract
com/lumiyaviewer/lumiya/slproto/messages/EmailMessageReply.kt,src/protocol_messages.rs,contract
com/lumiyaviewer/lumiya/slproto/messages/ParcelAccessListRequest.kt,src/protocol_messages.rs,contract
com/lumiyaviewer/lumiya/slproto/messages/RegionHandshakeReply.kt,src/protocol_messages.rs,contract
com/lumiyaviewer/lumiya/slproto/messages/RpcScriptRequestInboundForward.kt,src/protocol_messages.rs,contract
com/lumiyaviewer/lumiya/slproto/messages/ScriptAnswerYes.kt,src/protocol_messages.rs,contract
com/lumiyaviewer/lumiya/slproto/messages/ScriptDataReply.kt,src/protocol_messages.rs,contract
com/lumiyaviewer/lumiya/slproto/messages/SetScriptRunning.kt,src/protocol_messages.rs,contract
com/lumiyaviewer/lumiya/slproto/messages/BuyObjectInventory.kt,src/protocol_messages.rs,contract
com/lumiyaviewer/lumiya/slproto/messages/ClassifiedGodDelete.kt,src/protocol_messages.rs,contract
com/lumiyaviewer/lumiya/slproto/messages/CreateGroupReply.kt,src/protocol_messages.rs,contract
com/lumiyaviewer/lumiya/slproto/messages/DirPopularQueryBackend.kt,src/protocol_messages.rs,contract
com/lumiyaviewer/lumiya/slproto/messages/GrantGodlikePowers.kt,src/protocol_messages.rs,contract
com/lumiyaviewer/lumiya/slproto/messages/GroupProposalBallot.kt,src/protocol_messages.rs,contract
com/lumiyaviewer/lumiya/slproto/messages/LoadURL.kt,src/protocol_messages.rs,contract
com/lumiyaviewer/lumiya/slproto/messages/MergeParcel.kt,src/protocol_messages.rs,contract
com/lumiyaviewer/lumiya/slproto/messages/PickGodDelete.kt,src/protocol_messages.rs,contract
com/lumiyaviewer/lumiya/slproto/messages/SoundTrigger.kt,src/protocol_messages.rs,contract
com/lumiyaviewer/lumiya/slproto/messages/TeleportLocationRequest.kt,src/protocol_messages.rs,contract
com/lumiyaviewer/lumiya/slproto/messages/ChatFromViewer.kt,src/protocol_messages.rs,contract
com/lumiyaviewer/lumiya/slproto/messages/CreateInventoryFolder.kt,src/protocol_messages.rs,contract
com/lumiyaviewer/lumiya/slproto/messages/GroupAccountDetailsRequest.kt,src/protocol_messages.rs,contract
com/lumiyaviewer/lumiya/slproto/messages/GroupAccountTransactionsRequest.kt,src/protocol_messages.rs,contract
com/lumiyaviewer/lumiya/slproto/messages/LogDwellTime.kt,src/protocol_messages.rs,contract
com/lumiyaviewer/lumiya/slproto/messages/ParcelObjectOwnersReply.kt,src/protocol_messages.rs,contract
com/lumiyaviewer/lumiya/slproto/messages/RequestXfer.kt,src/protocol_messages.rs,contract
com/lumiyaviewer/lumiya/slproto/messages/UpdateMuteListEntry.kt,src/protocol_messages.rs,contract
com/lumiyaviewer/lumiya/slproto/messages/AgentHeightWidth.kt,src/protocol_messages.rs,contract
com/lumiyaviewer/lumiya/slproto/messages/DirFindQuery.kt,src/protocol_messages.rs,contract
com/lumiyaviewer/lumiya/slproto/messages/EjectGroupMemberReply.kt,src/protocol_messages.rs,contract
com/lumiyaviewer/lumiya/slproto/messages/ForceObjectSelect.kt,src/protocol_messages.rs,contract
com/lumiyaviewer/lumiya/slproto/messages/LandStatRequest.kt,src/protocol_messages.rs,contract
com/lumiyaviewer/lumiya/slproto/messages/ObjectDelink.kt,src/protocol_messages.rs,contract
com/lumiyaviewer/lumiya/slproto/messages/ObjectDeselect.kt,src/protocol_messages.rs,contract
com/lumiyaviewer/lumiya/slproto/messages/ObjectDetach.kt,src/protocol_messages.rs,contract
com/lumiyaviewer/lumiya/slproto/messages/ObjectDrop.kt,src/protocol_messages.rs,contract
com/lumiyaviewer/lumiya/slproto/messages/ObjectLink.kt,src/protocol_messages.rs,contract
com/lumiyaviewer/lumiya/slproto/messages/ParcelRename.kt,src/protocol_messages.rs,contract
com/lumiyaviewer/lumiya/slproto/messages/SetFollowCamProperties.kt,src/protocol_messages.rs,contract
com/lumiyaviewer/lumiya/slproto/messages/ChangeInventoryItemFlags.kt,src/protocol_messages.rs,contract
com/lumiyaviewer/lumiya/slproto/messages/FetchInventory.kt,src/protocol_messages.rs,contract
com/lumiyaviewer/lumiya/slproto/messages/GroupActiveProposalsRequest.kt,src/protocol_messages.rs,contract
com/lumiyaviewer/lumiya/slproto/messages/GroupVoteHistoryRequest.kt,src/protocol_messages.rs,contract
com/lumiyaviewer/lumiya/slproto/messages/MeanCollisionAlert.kt,src/protocol_messages.rs,contract
com/lumiyaviewer/lumiya/slproto/messages/ObjectCategory.kt,src/protocol_messages.rs,contract
com/lumiyaviewer/lumiya/slproto/messages/ObjectMaterial.kt,src/protocol_messages.rs,contract
com/lumiyaviewer/lumiya/slproto/messages/ScriptDialogReply.kt,src/protocol_messages.rs,contract
com/lumiyaviewer/lumiya/slproto/messages/SimCrashed.kt,src/protocol_messages.rs,contract
com/lumiyaviewer/lumiya/slproto/messages/UUIDGroupNameReply.kt,src/protocol_messages.rs,contract
com/lumiyaviewer/lumiya/slproto/messages/AgentDataUpdate.kt,src/protocol_messages.rs,contract
com/lumiyaviewer/lumiya/slproto/messages/CreateLandmarkForEvent.kt,src/protocol_messages.rs,contract
com/lumiyaviewer/lumiya/slproto/messages/FetchInventoryDescendents.kt,src/protocol_messages.rs,contract
com/lumiyaviewer/lumiya/slproto/messages/GroupAccountSummaryRequest.kt,src/protocol_messages.rs,contract
com/lumiyaviewer/lumiya/slproto/messages/MapNameRequest.kt,src/protocol_messages.rs,contract
com/lumiyaviewer/lumiya/slproto/messages/ObjectClickAction.kt,src/protocol_messages.rs,contract
com/lumiyaviewer/lumiya/slproto/messages/ObjectIncludeInSearch.kt,src/protocol_messages.rs,contract
com/lumiyaviewer/lumiya/slproto/messages/ObjectSelect.kt,src/protocol_messages.rs,contract
com/lumiyaviewer/lumiya/slproto/messages/ParcelJoin.kt,src/protocol_messages.rs,contract
com/lumiyaviewer/lumiya/slproto/messages/RemoveInventoryFolder.kt,src/protocol_messages.rs,contract
com/lumiyaviewer/lumiya/slproto/messages/RemoveInventoryItem.kt,src/protocol_messages.rs,contract
com/lumiyaviewer/lumiya/slproto/messages/SetGroupAcceptNotices.kt,src/protocol_messages.rs,contract
com/lumiyaviewer/lumiya/slproto/messages/SetSimPresenceInDatabase.kt,src/protocol_messages.rs,contract
com/lumiyaviewer/lumiya/slproto/messages/SetSimStatusInDatabase.kt,src/protocol_messages.rs,contract
com/lumiyaviewer/lumiya/slproto/messages/DirClassifiedQuery.kt,src/protocol_messages.rs,contract
com/lumiyaviewer/lumiya/slproto/messages/DirFindQueryBackend.kt,src/protocol_messages.rs,contract
com/lumiyaviewer/lumiya/slproto/messages/ObjectRotation.kt,src/protocol_messages.rs,contract
com/lumiyaviewer/lumiya/slproto/messages/ParcelDivide.kt,src/protocol_messages.rs,contract
com/lumiyaviewer/lumiya/slproto/messages/PayPriceReply.kt,src/protocol_messages.rs,contract
com/lumiyaviewer/lumiya/slproto/messages/Redo.kt,src/protocol_messages.rs,contract
com/lumiyaviewer/lumiya/slproto/messages/ScriptDataRequest.kt,src/protocol_messages.rs,contract
com/lumiyaviewer/lumiya/slproto/messages/SetStartLocationRequest.kt,src/protocol_messages.rs,contract
com/lumiyaviewer/lumiya/slproto/messages/AgentIsNowWearing.kt,src/protocol_messages.rs,contract
com/lumiyaviewer/lumiya/slproto/messages/AvatarInterestsReply.kt,src/protocol_messages.rs,contract
com/lumiyaviewer/lumiya/slproto/messages/AvatarInterestsUpdate.kt,src/protocol_messages.rs,contract
com/lumiyaviewer/lumiya/slproto/messages/AvatarSitResponse.kt,src/protocol_messages.rs,contract
com/lumiyaviewer/lumiya/slproto/messages/ChangeUserRights.kt,src/protocol_messages.rs,contract
com/lumiyaviewer/lumiya/slproto/messages/KickUser.kt,src/protocol_messages.rs,contract
com/lumiyaviewer/lumiya/slproto/messages/MoveInventoryFolder.kt,src/protocol_messages.rs,contract
com/lumiyaviewer/lumiya/slproto/messages/ObjectDelete.kt,src/protocol_messages.rs,contract
com/lumiyaviewer/lumiya/slproto/messages/ObjectExportSelected.kt,src/protocol_messages.rs,contract
com/lumiyaviewer/lumiya/slproto/messages/ObjectSaleInfo.kt,src/protocol_messages.rs,contract
com/lumiyaviewer/lumiya/slproto/messages/ObjectUpdateCached.kt,src/protocol_messages.rs,contract
com/lumiyaviewer/lumiya/slproto/messages/StartGroupProposal.kt,src/protocol_messages.rs,contract
com/lumiyaviewer/lumiya/slproto/messages/TeleportFinish.kt,src/protocol_messages.rs,contract
com/lumiyaviewer/lumiya/slproto/messages/Undo.kt,src/protocol_messages.rs,contract
com/lumiyaviewer/lumiya/slproto/messages/DeactivateGestures.kt,src/protocol_messages.rs,contract
com/lumiyaviewer/lumiya/slproto/messages/GroupNoticeAdd.kt,src/protocol_messages.rs,contract
com/lumiyaviewer/lumiya/slproto/messages/ObjectAttach.kt,src/protocol_messages.rs,contract
com/lumiyaviewer/lumiya/slproto/messages/ObjectGroup.kt,src/protocol_messages.rs,contract
com/lumiyaviewer/lumiya/slproto/messages/RpcScriptRequestInbound.kt,src/protocol_messages.rs,contract
com/lumiyaviewer/lumiya/slproto/messages/TransferInventory.kt,src/protocol_messages.rs,contract
com/lumiyaviewer/lumiya/slproto/messages/UUIDNameReply.kt,src/protocol_messages.rs,contract
com/lumiyaviewer/lumiya/slproto/messages/ChatFromSimulator.kt,src/protocol_messages.rs,contract
com/lumiyaviewer/lumiya/slproto/messages/DirClassifiedQueryBackend.kt,src/protocol_messages.rs,contract
com/lumiyaviewer/lumiya/slproto/messages/DirPlacesQuery.kt,src/protocol_messages.rs,contract
com/lumiyaviewer/lumiya/slproto/messages/GrantUserRights.kt,src/protocol_messages.rs,contract
com/lumiyaviewer/lumiya/slproto/messages/GroupDataUpdate.kt,src/protocol_messages.rs,contract
com/lumiyaviewer/lumiya/slproto/messages/LogoutReply.kt,src/protocol_messages.rs,contract
com/lumiyaviewer/lumiya/slproto/messages/MapItemRequest.kt,src/protocol_messages.rs,contract
com/lumiyaviewer/lumiya/slproto/messages/NeighborList.kt,src/protocol_messages.rs,contract
com/lumiyaviewer/lumiya/slproto/messages/AgentCachedTexture.kt,src/protocol_messages.rs,contract
com/lumiyaviewer/lumiya/slproto/messages/DirLandQuery.kt,src/protocol_messages.rs,contract
com/lumiyaviewer/lumiya/slproto/messages/RemoveNameValuePair.kt,src/protocol_messages.rs,contract
com/lumiyaviewer/lumiya/slproto/messages/RequestImage.kt,src/protocol_messages.rs,contract
com/lumiyaviewer/lumiya/slproto/messages/RequestMultipleObjects.kt,src/protocol_messages.rs,contract
com/lumiyaviewer/lumiya/slproto/messages/SimulatorLoad.kt,src/protocol_messages.rs,contract
com/lumiyaviewer/lumiya/slproto/messages/TestMessage.kt,src/protocol_messages.rs,contract
com/lumiyaviewer/lumiya/slproto/messages/Error.kt,src/protocol_messages.rs,contract
com/lumiyaviewer/lumiya/slproto/messages/NameValuePair.kt,src/protocol_messages.rs,contract
com/lumiyaviewer/lumiya/slproto/messages/ParcelPropertiesRequest.kt,src/protocol_messages.rs,contract
com/lumiyaviewer/lumiya/slproto/messages/SimulatorReady.kt,src/protocol_messages.rs,contract
com/lumiyaviewer/lumiya/slproto/messages/AcceptFriendship.kt,src/protocol_messages.rs,contract
com/lumiyaviewer/lumiya/slproto/messages/ActivateGestures.kt,src/protocol_messages.rs,contract
com/lumiyaviewer/lumiya/slproto/messages/DirLandQueryBackend.kt,src/protocol_messages.rs,contract
com/lumiyaviewer/lumiya/slproto/messages/DirPlacesQueryBackend.kt,src/protocol_messages.rs,contract
com/lumiyaviewer/lumiya/slproto/messages/FindAgent.kt,src/protocol_messages.rs,contract
com/lumiyaviewer/lumiya/slproto/messages/GroupRoleChanges.kt,src/protocol_messages.rs,contract
com/lumiyaviewer/lumiya/slproto/messages/ObjectPosition.kt,src/protocol_messages.rs,contract
com/lumiyaviewer/lumiya/slproto/messages/ObjectUpdateCompressed.kt,src/protocol_messages.rs,contract
com/lumiyaviewer/lumiya/slproto/messages/ParcelMediaUpdate.kt,src/protocol_messages.rs,contract
com/lumiyaviewer/lumiya/slproto/messages/AvatarPropertiesUpdate.kt,src/protocol_messages.rs,contract
com/lumiyaviewer/lumiya/slproto/messages/ImprovedTerseObjectUpdate.kt,src/protocol_messages.rs,contract
com/lumiyaviewer/lumiya/slproto/messages/MapLayerReply.kt,src/protocol_messages.rs,contract
com/lumiyaviewer/lumiya/slproto/messages/ObjectBuy.kt,src/protocol_messages.rs,contract
com/lumiyaviewer/lumiya/slproto/messages/ObjectDescription.kt,src/protocol_messages.rs,contract
com/lumiyaviewer/lumiya/slproto/messages/ObjectName.kt,src/protocol_messages.rs,contract
com/lumiyaviewer/lumiya/slproto/messages/ObjectScale.kt,src/protocol_messages.rs,contract
com/lumiyaviewer/lumiya/slproto/messages/ScriptSensorRequest.kt,src/protocol_messages.rs,contract
com/lumiyaviewer/lumiya/slproto/messages/SendPostcard.kt,src/protocol_messages.rs,contract
com/lumiyaviewer/lumiya/slproto/messages/AcceptCallingCard.kt,src/protocol_messages.rs,contract
com/lumiyaviewer/lumiya/slproto/messages/AgentMovementComplete.kt,src/protocol_messages.rs,contract
com/lumiyaviewer/lumiya/slproto/messages/AgentWearablesUpdate.kt,src/protocol_messages.rs,contract
com/lumiyaviewer/lumiya/slproto/messages/ChatPass.kt,src/protocol_messages.rs,contract
com/lumiyaviewer/lumiya/slproto/messages/ChildAgentPositionUpdate.kt,src/protocol_messages.rs,contract
com/lumiyaviewer/lumiya/slproto/messages/CreateNewOutfitAttachments.kt,src/protocol_messages.rs,contract
com/lumiyaviewer/lumiya/slproto/messages/EjectGroupMemberRequest.kt,src/protocol_messages.rs,contract
com/lumiyaviewer/lumiya/slproto/messages/GroupRoleMembersReply.kt,src/protocol_messages.rs,contract
com/lumiyaviewer/lumiya/slproto/messages/LinkInventoryItem.kt,src/protocol_messages.rs,contract
com/lumiyaviewer/lumiya/slproto/messages/LogFailedMoneyTransaction.kt,src/protocol_messages.rs,contract
com/lumiyaviewer/lumiya/slproto/messages/MapBlockRequest.kt,src/protocol_messages.rs,contract
com/lumiyaviewer/lumiya/slproto/messages/TeleportRequest.kt,src/protocol_messages.rs,contract
com/lumiyaviewer/lumiya/slproto/messages/EventGodDelete.kt,src/protocol_messages.rs,contract
com/lumiyaviewer/lumiya/slproto/messages/InviteGroupRequest.kt,src/protocol_messages.rs,contract
com/lumiyaviewer/lumiya/slproto/messages/SystemMessage.kt,src/protocol_messages.rs,contract
com/lumiyaviewer/lumiya/slproto/messages/TelehubInfo.kt,src/protocol_messages.rs,contract
com/lumiyaviewer/lumiya/slproto/messages/AlertMessage.kt,src/protocol_messages.rs,contract
com/lumiyaviewer/lumiya/slproto/messages/LogTextMessage.kt,src/protocol_messages.rs,contract
com/lumiyaviewer/lumiya/slproto/messages/ParcelAccessListReply.kt,src/protocol_messages.rs,contract
com/lumiyaviewer/lumiya/slproto/messages/CopyInventoryFromNotecard.kt,src/protocol_messages.rs,contract
com/lumiyaviewer/lumiya/slproto/messages/CreateGroupRequest.kt,src/protocol_messages.rs,contract
com/lumiyaviewer/lumiya/slproto/messages/CreateInventoryItem.kt,src/protocol_messages.rs,contract
com/lumiyaviewer/lumiya/slproto/messages/ParcelSelectObjects.kt,src/protocol_messages.rs,contract
com/lumiyaviewer/lumiya/slproto/messages/RegionPresenceResponse.kt,src/protocol_messages.rs,contract
com/lumiyaviewer/lumiya/slproto/messages/RezSingleAttachmentFromInv.kt,src/protocol_messages.rs,contract
com/lumiyaviewer/lumiya/slproto/messages/TeleportFailed.kt,src/protocol_messages.rs,contract
com/lumiyaviewer/lumiya/slproto/messages/UpdateGroupInfo.kt,src/protocol_messages.rs,contract
com/lumiyaviewer/lumiya/slproto/messages/CrossedRegion.kt,src/protocol_messages.rs,contract
com/lumiyaviewer/lumiya/slproto/messages/MoneyTransferRequest.kt,src/protocol_messages.rs,contract
com/lumiyaviewer/lumiya/slproto/messages/MultipleObjectUpdate.kt,src/protocol_messages.rs,contract
com/lumiyaviewer/lumiya/slproto/messages/ObjectImage.kt,src/protocol_messages.rs,contract
com/lumiyaviewer/lumiya/slproto/messages/AvatarClassifiedReply.kt,src/protocol_messages.rs,contract
com/lumiyaviewer/lumiya/slproto/messages/AvatarPicksReply.kt,src/protocol_messages.rs,contract
com/lumiyaviewer/lumiya/slproto/messages/MoneyTransferBackend.kt,src/protocol_messages.rs,contract
com/lumiyaviewer/lumiya/slproto/messages/ParcelBuy.kt,src/protocol_messages.rs,contract
com/lumiyaviewer/lumiya/slproto/messages/UpdateInventoryFolder.kt,src/protocol_messages.rs,contract
com/lumiyaviewer/lumiya/slproto/messages/PlacesQuery.kt,src/protocol_messages.rs,contract
com/lumiyaviewer/lumiya/slproto/messages/AgentUpdate.kt,src/protocol_messages.rs,contract
com/lumiyaviewer/lumiya/slproto/messages/AvatarPickerReply.kt,src/protocol_messages.rs,contract
com/lumiyaviewer/lumiya/slproto/messages/MoveInventoryItem.kt,src/protocol_messages.rs,contract
com/lumiyaviewer/lumiya/slproto/messages/ObjectDuplicate.kt,src/protocol_messages.rs,contract
com/lumiyaviewer/lumiya/slproto/messages/ObjectOwner.kt,src/protocol_messages.rs,contract
com/lumiyaviewer/lumiya/slproto/messages/AgentCachedTextureResponse.kt,src/protocol_messages.rs,contract
com/lumiyaviewer/lumiya/slproto/messages/AvatarPropertiesReply.kt,src/protocol_messages.rs,contract
com/lumiyaviewer/lumiya/slproto/messages/GroupTitlesReply.kt,src/protocol_messages.rs,contract
com/lumiyaviewer/lumiya/slproto/messages/LogParcelChanges.kt,src/protocol_messages.rs,contract
com/lumiyaviewer/lumiya/slproto/messages/ObjectExtraParams.kt,src/protocol_messages.rs,contract
com/lumiyaviewer/lumiya/slproto/messages/StartLure.kt,src/protocol_messages.rs,contract
com/lumiyaviewer/lumiya/slproto/messages/ObjectPermissions.kt,src/protocol_messages.rs,contract
com/lumiyaviewer/lumiya/slproto/messages/DirPopularReply.kt,src/protocol_messages.rs,contract
com/lumiyaviewer/lumiya/slproto/messages/RemoveInventoryObjects.kt,src/protocol_messages.rs,contract
com/lumiyaviewer/lumiya/slproto/messages/ClassifiedInfoUpdate.kt,src/protocol_messages.rs,contract
com/lumiyaviewer/lumiya/slproto/messages/CopyInventoryItem.kt,src/protocol_messages.rs,contract
com/lumiyaviewer/lumiya/slproto/messages/ObjectDeGrab.kt,src/protocol_messages.rs,contract
com/lumiyaviewer/lumiya/slproto/messages/AgentGroupDataUpdate.kt,src/protocol_messages.rs,contract
com/lumiyaviewer/lumiya/slproto/messages/GodlikeMessage.kt,src/protocol_messages.rs,contract
com/lumiyaviewer/lumiya/slproto/messages/ParcelClaim.kt,src/protocol_messages.rs,contract
com/lumiyaviewer/lumiya/slproto/messages/PickInfoUpdate.kt,src/protocol_messages.rs,contract
com/lumiyaviewer/lumiya/slproto/messages/MoneyBalanceReply.kt,src/protocol_messages.rs,contract
com/lumiyaviewer/lumiya/slproto/messages/ObjectPropertiesFamily.kt,src/protocol_messages.rs,contract
com/lumiyaviewer/lumiya/slproto/messages/UserReport.kt,src/protocol_messages.rs,contract
com/lumiyaviewer/lumiya/slproto/messages/AgentAnimation.kt,src/protocol_messages.rs,contract
com/lumiyaviewer/lumiya/slproto/messages/DirGroupsReply.kt,src/protocol_messages.rs,contract
com/lumiyaviewer/lumiya/slproto/messages/EstateOwnerMessage.kt,src/protocol_messages.rs,contract
com/lumiyaviewer/lumiya/slproto/messages/ObjectFlagUpdate.kt,src/protocol_messages.rs,contract
com/lumiyaviewer/lumiya/slproto/messages/ObjectGrab.kt,src/protocol_messages.rs,contract
com/lumiyaviewer/lumiya/slproto/messages/ParcelAccessListUpdate.kt,src/protocol_messages.rs,contract
com/lumiyaviewer/lumiya/slproto/messages/RequestParcelTransfer.kt,src/protocol_messages.rs,contract
com/lumiyaviewer/lumiya/slproto/messages/CoarseLocationUpdate.kt,src/protocol_messages.rs,contract
com/lumiyaviewer/lumiya/slproto/messages/EconomyData.kt,src/protocol_messages.rs,contract
com/lumiyaviewer/lumiya/slproto/messages/GenericMessage.kt,src/protocol_messages.rs,contract
com/lumiyaviewer/lumiya/slproto/messages/GroupNoticesListReply.kt,src/protocol_messages.rs,contract
com/lumiyaviewer/lumiya/slproto/messages/GroupRoleUpdate.kt,src/protocol_messages.rs,contract
com/lumiyaviewer/lumiya/slproto/messages/ViewerEffect.kt,src/protocol_messages.rs,contract
com/lumiyaviewer/lumiya/slproto/messages/UserReportInternal.kt,src/protocol_messages.rs,contract
com/lumiyaviewer/lumiya/slproto/messages/EventInfoReply.kt,src/protocol_messages.rs,contract
com/lumiyaviewer/lumiya/slproto/messages/PickInfoReply.kt,src/protocol_messages.rs,contract
com/lumiyaviewer/lumiya/slproto/messages/GroupAccountDetailsReply.kt,src/protocol_messages.rs,contract
com/lumiyaviewer/lumiya/slproto/messages/ScriptSensorReply.kt,src/protocol_messages.rs,contract
com/lumiyaviewer/lumiya/slproto/messages/DirPeopleReply.kt,src/protocol_messages.rs,contract
com/lumiyaviewer/lumiya/slproto/messages/ObjectDuplicateOnRay.kt,src/protocol_messages.rs,contract
com/lumiyaviewer/lumiya/slproto/messages/ParcelReturnObjects.kt,src/protocol_messages.rs,contract
com/lumiyaviewer/lumiya/slproto/messages/AvatarTextureUpdate.kt,src/protocol_messages.rs,contract
com/lumiyaviewer/lumiya/slproto/messages/DirLandReply.kt,src/protocol_messages.rs,contract
com/lumiyaviewer/lumiya/slproto/messages/ParcelDisableObjects.kt,src/protocol_messages.rs,contract
com/lumiyaviewer/lumiya/slproto/messages/AvatarAppearance.kt,src/protocol_messages.rs,contract
com/lumiyaviewer/lumiya/slproto/messages/MapItemReply.kt,src/protocol_messages.rs,contract
com/lumiyaviewer/lumiya/slproto/messages/ParcelInfoReply.kt,src/protocol_messages.rs,contract
com/lumiyaviewer/lumiya/slproto/messages/GodUpdateRegionInfo.kt,src/protocol_messages.rs,contract
com/lumiyaviewer/lumiya/slproto/messages/AgentSetAppearance.kt,src/protocol_messages.rs,contract
com/lumiyaviewer/lumiya/slproto/messages/ClassifiedInfoReply.kt,src/protocol_messages.rs,contract
com/lumiyaviewer/lumiya/slproto/messages/ImprovedInstantMessage.kt,src/protocol_messages.rs,contract
com/lumiyaviewer/lumiya/slproto/messages/LandStatReply.kt,src/protocol_messages.rs,contract
com/lumiyaviewer/lumiya/slproto/messages/ObjectGrabUpdate.kt,src/protocol_messages.rs,contract
com/lumiyaviewer/lumiya/slproto/messages/SimStats.kt,src/protocol_messages.rs,contract
com/lumiyaviewer/lumiya/slproto/messages/DeRezObject.kt,src/protocol_messages.rs,contract
com/lumiyaviewer/lumiya/slproto/messages/GroupProfileReply.kt,src/protocol_messages.rs,contract
com/lumiyaviewer/lumiya/slproto/messages/AvatarGroupsReply.kt,src/protocol_messages.rs,contract
com/lumiyaviewer/lumiya/slproto/messages/GroupRoleDataReply.kt,src/protocol_messages.rs,contract
com/lumiyaviewer/lumiya/slproto/messages/GroupAccountTransactionsReply.kt,src/protocol_messages.rs,contract
com/lumiyaviewer/lumiya/slproto/messages/GroupMembersReply.kt,src/protocol_messages.rs,contract
com/lumiyaviewer/lumiya/slproto/messages/RoutedMoneyBalanceReply.kt,src/protocol_messages.rs,contract
com/lumiyaviewer/lumiya/slproto/messages/AvatarAnimation.kt,src/protocol_messages.rs,contract
com/lumiyaviewer/lumiya/slproto/messages/UpdateParcel.kt,src/protocol_messages.rs,contract
com/lumiyaviewer/lumiya/slproto/messages/ScriptDialog.kt,src/protocol_messages.rs,contract
com/lumiyaviewer/lumiya/slproto/messages/ModifyLand.kt,src/protocol_messages.rs,contract
com/lumiyaviewer/lumiya/slproto/messages/ParcelPropertiesUpdate.kt,src/protocol_messages.rs,contract
com/lumiyaviewer/lumiya/slproto/messages/RezMultipleAttachmentsFromInv.kt,src/protocol_messages.rs,contract
com/lumiyaviewer/lumiya/slproto/messages/DirClassifiedReply.kt,src/protocol_messages.rs,contract
com/lumiyaviewer/lumiya/slproto/messages/DirEventsReply.kt,src/protocol_messages.rs,contract
com/lumiyaviewer/lumiya/slproto/messages/MapBlockReply.kt,src/protocol_messages.rs,contract
com/lumiyaviewer/lumiya/slproto/messages/GroupActiveProposalItemReply.kt,src/protocol_messages.rs,contract
com/lumiyaviewer/lumiya/slproto/messages/GroupAccountSummaryReply.kt,src/protocol_messages.rs,contract
com/lumiyaviewer/lumiya/slproto/messages/ObjectShape.kt,src/protocol_messages.rs,contract
com/lumiyaviewer/lumiya/slproto/messages/RezRestoreToWorld.kt,src/protocol_messages.rs,contract
com/lumiyaviewer/lumiya/slproto/messages/SimulatorPresentAtLocation.kt,src/protocol_messages.rs,contract
com/lumiyaviewer/lumiya/slproto/messages/DirPlacesReply.kt,src/protocol_messages.rs,contract
com/lumiyaviewer/lumiya/slproto/messages/PlacesReply.kt,src/protocol_messages.rs,contract
com/lumiyaviewer/lumiya/slproto/messages/RezObjectFromNotecard.kt,src/protocol_messages.rs,contract
com/lumiyaviewer/lumiya/slproto/messages/GroupVoteHistoryItemReply.kt,src/protocol_messages.rs,contract
com/lumiyaviewer/lumiya/slproto/messages/UpdateTaskInventory.kt,src/protocol_messages.rs,contract
com/lumiyaviewer/lumiya/slproto/messages/FetchInventoryReply.kt,src/protocol_messages.rs,contract
com/lumiyaviewer/lumiya/slproto/messages/RezScript.kt,src/protocol_messages.rs,contract
com/lumiyaviewer/lumiya/ui/render/RenderSettings.kt,src/migration_batch3_small0.rs,behavior
com/lumiyaviewer/lumiya/ui/render/VrIntentContract.kt,src/migration_batch3_small0.rs,behavior
com/lumiyaviewer/lumiya/ui/login/WhatsNewActivity.kt,src/migration_batch3_small0.rs,behavior
com/lumiyaviewer/lumiya/render/SynchronousExecutor.kt,src/migration_batch3_small0.rs,behavior
com/lumiyaviewer/lumiya/ui/settings/FriendlyEditTextPreference.kt,src/migration_batch3_small0.rs,behavior
com/lumiyaviewer/lumiya/ui/media/NotificationSounds.kt,src/migration_batch3_small0.rs,behavior
com/lumiyaviewer/lumiya/render/avatar/AvatarRunningAnimation.kt,src/migration_batch3_small0.rs,behavior
com/lumiyaviewer/lumiya/ui/common/StateAwareFragment.kt,src/migration_batch3_small0.rs,behavior
com/lumiyaviewer/lumiya/ui/settings/CacheLocationPreference.kt,src/migration_batch3_small0.rs,behavior
com/lumiyaviewer/lumiya/render/spatial/FrustrumInfo.kt,src/migration_batch3_small0.rs,behavior
com/lumiyaviewer/lumiya/dao/DBOpenHelper.kt,src/migration_batch3_small0.rs,behavior
com/lumiyaviewer/lumiya/render/spatial/DrawListTerrainEntry.kt,src/migration_batch3_small0.rs,behavior
com/lumiyaviewer/lumiya/render/spatial/DrawEntryList.kt,src/migration_batch3_small0.rs,contract
com/lumiyaviewer/lumiya/render/spatial/MyAvatarTreeNode.kt,src/migration_batch3_small0.rs,contract
com/lumiyaviewer/lumiya/dao/GroupMemberList.kt,src/migration_batch3_small0.rs,contract
com/lumiyaviewer/lumiya/dao/CachedResponse.kt,src/migration_batch3_small0.rs,contract
com/lumiyaviewer/lumiya/ui/common/loadmon/Loadable.kt,src/migration_batch3_small0.rs,contract
com/lumiyaviewer/lumiya/ui/myava/MyAvatarDetailsPages.kt,src/migration_batch3_small0.rs,contract
com/lumiyaviewer/lumiya/ui/settings/SettingsPage.kt,src/migration_batch3_small0.rs,contract
com/lumiyaviewer/lumiya/ui/render/vr/VrInputState.kt,src/migration_batch3_small0.rs,contract
com/lumiyaviewer/lumiya/render/avatar/AvatarRunningSequence.kt,src/migration_batch3_small0.rs,contract
com/lumiyaviewer/lumiya/render/shaders/RiggedMeshProgram.kt,src/migration_batch3_small0.rs,boundary
com/lumiyaviewer/lumiya/ui/common/ChatterReloadableFragment.kt,src/migration_batch3_small0.rs,boundary
com/lumiyaviewer/lumiya/ui/settings/ClearCachePreference.kt,src/migration_batch3_small0.rs,boundary
com/lumiyaviewer/lumiya/render/shaders/AvatarProgram.kt,src/migration_batch3_small0.rs,boundary
com/lumiyaviewer/lumiya/ui/search/SearchGridActivity.kt,src/migration_batch3_small0.rs,boundary
com/lumiyaviewer/lumiya/ui/common/SafeDrawerLayout.kt,src/migration_batch3_small0.rs,boundary
com/lumiyaviewer/lumiya/render/shaders/BoundingBoxProgram.kt,src/migration_batch3_small0.rs,boundary
com/lumiyaviewer/lumiya/render/shaders/RawShaderProgram.kt,src/migration_batch3_small0.rs,boundary
com/lumiyaviewer/lumiya/render/glres/GLLoadQueue.kt,src/migration_batch3_small0.rs,boundary
com/lumiyaviewer/lumiya/render/glres/textures/GLTextureCache.kt,src/migration_batch3_small0.rs,boundary
com/lumiyaviewer/lumiya/render/shaders/StarsProgram.kt,src/migration_batch3_small0.rs,boundary
com/lumiyaviewer/lumiya/ui/chat/profiles/ProfileTextFieldEditFragment.kt,src/migration_batch3_small0.rs,boundary
com/lumiyaviewer/lumiya/ui/media/StreamingMediaActivity.kt,src/migration_batch3_small0.rs,boundary
com/lumiyaviewer/lumiya/render/glres/textures/GLTextTextureCache.kt,src/migration_batch3_small0.rs,boundary
com/lumiyaviewer/lumiya/render/glres/buffers/GLVertexArrayObject.kt,src/migration_batch3_small0.rs,boundary
com/lumiyaviewer/lumiya/ui/chat/contacts/ChatterListAdapter.kt,src/migration_batch3_small0.rs,boundary
com/lumiyaviewer/lumiya/render/glres/textures/GLTerrainTextureCache.kt,src/migration_batch3_small0.rs,boundary
com/lumiyaviewer/lumiya/render/shaders/QuadProgram.kt,src/migration_batch3_small0.rs,boundary
com/lumiyaviewer/lumiya/render/shaders/ShaderProgram.kt,src/migration_batch3_small0.rs,boundary
com/lumiyaviewer/lumiya/render/shaders/SkyCloudsProgram.kt,src/migration_batch3_small0.rs,boundary
com/lumiyaviewer/lumiya/ui/render/vr/OpenXrRuntime.kt,src/migration_batch3_small0.rs,boundary
com/lumiyaviewer/lumiya/ui/objpopup/ObjectPopupsAdapter.kt,src/migration_batch3_small0.rs,boundary
com/lumiyaviewer/lumiya/render/shaders/WaterProgram.kt,src/migration_batch3_small0.rs,boundary
com/lumiyaviewer/lumiya/ui/chat/contacts/ChatFragmentActivityFactory.kt,src/migration_batch3_small0.rs,boundary
com/lumiyaviewer/lumiya/ui/myava/AvatarPickerForMute.kt,src/migration_batch3_small0.rs,boundary
com/lumiyaviewer/lumiya/render/shaders/FXAAProgram.kt,src/migration_batch3_small0.rs,boundary
com/lumiyaviewer/lumiya/ui/render/vr/VrRuntimeSelector.kt,src/migration_batch3_small1.rs,behavior
com/lumiyaviewer/lumiya/render/shaders/SkyProgram.kt,src/migration_batch3_small1.rs,behavior
com/lumiyaviewer/lumiya/render/avatar/AnimationSequenceInfo.kt,src/migration_batch3_small1.rs,behavior
com/lumiyaviewer/lumiya/render/GPUDetection.kt,src/migration_batch3_small1.rs,behavior
com/lumiyaviewer/lumiya/render/shaders/ShaderPreprocessor.kt,src/migration_batch3_small1.rs,behavior
com/lumiyaviewer/lumiya/render/avatar/AnimationSkeletonData.kt,src/migration_batch3_small1.rs,behavior
com/lumiyaviewer/lumiya/render/glres/GLSyncLoadQueue.kt,src/migration_batch3_small1.rs,behavior
com/lumiyaviewer/lumiya/render/spatial/DrawList.kt,src/migration_batch3_small1.rs,behavior
com/lumiyaviewer/lumiya/render/spatial/DrawListObjectEntry.kt,src/migration_batch3_small1.rs,behavior
com/lumiyaviewer/lumiya/render/avatar/AvatarAnimationList.kt,src/migration_batch3_small1.rs,behavior
com/lumiyaviewer/lumiya/render/avatar/AvatarTextures.kt,src/migration_batch3_small1.rs,behavior
com/lumiyaviewer/lumiya/render/shaders/BasicPrimProgram.kt,src/migration_batch3_small1.rs,behavior
com/lumiyaviewer/lumiya/render/avatar/AvatarShapeParams.kt,src/migration_batch3_small1.rs,behavior
com/lumiyaviewer/lumiya/render/spatial/FrustrumPlanes.kt,src/migration_batch3_small1.rs,behavior
com/lumiyaviewer/lumiya/dao/GroupRoleMemberList.kt,src/migration_batch3_small1.rs,contract
com/lumiyaviewer/lumiya/render/BoundingBox.kt,src/migration_batch3_small1.rs,contract
com/lumiyaviewer/lumiya/ui/objects/ObjectDerezDialog.kt,src/migration_batch3_small1.rs,contract
com/lumiyaviewer/lumiya/ui/settings/NotificationType.kt,src/migration_batch3_small1.rs,contract
com/lumiyaviewer/lumiya/render/Quad.kt,src/migration_batch3_small1.rs,contract
com/lumiyaviewer/lumiya/ui/common/TeleportHomeDialog.kt,src/migration_batch3_small1.rs,boundary
com/lumiyaviewer/lumiya/render/glres/textures/GLResourceTexture.kt,src/migration_batch3_small1.rs,boundary
com/lumiyaviewer/lumiya/render/spatial/DrawListPrimEntry.kt,src/migration_batch3_small1.rs,boundary
com/lumiyaviewer/lumiya/ui/login/TOSActivity.kt,src/migration_batch3_small1.rs,boundary
com/lumiyaviewer/lumiya/ui/myava/MyAvatarActivity.kt,src/migration_batch3_small1.rs,boundary
com/lumiyaviewer/lumiya/ui/chat/ChatEventTimestampUpdater.kt,src/migration_batch3_small1.rs,boundary
com/lumiyaviewer/lumiya/dao/DaoManager.kt,src/migration_batch3_small1.rs,boundary
com/lumiyaviewer/lumiya/render/shaders/RiggedMeshProgram30.kt,src/migration_batch3_small1.rs,boundary
com/lumiyaviewer/lumiya/render/spatial/DrawListAvatarEntry.kt,src/migration_batch3_small1.rs,boundary
com/lumiyaviewer/lumiya/ui/inventory/InventoryListAdapter.kt,src/migration_batch3_small1.rs,boundary
com/lumiyaviewer/lumiya/ui/avapicker/AvatarPickerForShare.kt,src/migration_batch3_small1.rs,boundary
com/lumiyaviewer/lumiya/ui/settings/SettingsSelectionFragment.kt,src/migration_batch3_small1.rs,boundary
com/lumiyaviewer/lumiya/render/glres/buffers/GLBuffer.kt,src/migration_batch3_small1.rs,boundary
com/lumiyaviewer/lumiya/ui/settings/SettingsActivity.kt,src/migration_batch3_small1.rs,boundary
com/lumiyaviewer/lumiya/render/spatial/DrawListEntry.kt,src/migration_batch3_small1.rs,boundary
com/lumiyaviewer/lumiya/ui/chat/profiles/UserNotesEditFragment.kt,src/migration_batch3_small1.rs,boundary
com/lumiyaviewer/lumiya/render/DrawableStore.kt,src/migration_batch3_small1.rs,boundary
com/lumiyaviewer/lumiya/ui/chat/profiles/UserAboutTextEditFragment.kt,src/migration_batch3_small1.rs,boundary
com/lumiyaviewer/lumiya/ui/common/ThemedActivity.kt,src/migration_batch3_small1.rs,boundary
com/lumiyaviewer/lumiya/ui/render/vr/VrSession.kt,src/migration_batch3_small1.rs,boundary
com/lumiyaviewer/lumiya/render/drawable/DrawableFaceTexture.kt,src/migration_batch3_small1.rs,boundary
com/lumiyaviewer/lumiya/ui/settings/GoogleDriveSyncPreference.kt,src/migration_batch3_small1.rs,boundary
com/lumiyaviewer/lumiya/render/glres/textures/GLExternalTexture.kt,src/migration_batch3_small1.rs,boundary
com/lumiyaviewer/lumiya/ui/objects/ObjectListNewActivity.kt,src/migration_batch3_small1.rs,boundary
com/lumiyaviewer/lumiya/render/avatar/DrawableAvatarStub.kt,src/migration_batch3_small1.rs,boundary
com/lumiyaviewer/lumiya/ui/chat/contacts/ChatterListSimpleAdapter.kt,src/migration_batch3_small1.rs,boundary
com/lumiyaviewer/lumiya/ui/settings/RingtonePreference.kt,src/migration_batch3_small1.rs,boundary
com/lumiyaviewer/lumiya/ui/chat/ChatLayoutManager.kt,src/migration_batch3_small1.rs,boundary
com/lumiyaviewer/lumiya/ui/common/LinkMovementMethodSafe.kt,src/migration_batch3_small1.rs,boundary
com/lumiyaviewer/lumiya/render/glres/GLResourceManager.kt,src/migration_batch3_small2.rs,boundary
com/lumiyaviewer/lumiya/render/glres/GLQuery.kt,src/migration_batch3_small2.rs,boundary
com/lumiyaviewer/lumiya/render/spatial/SpatialIndex.kt,src/migration_batch3_small2.rs,behavior
com/lumiyaviewer/lumiya/ui/objpopup/ObjectPopupsActionProvider.kt,src/migration_batch3_small2.rs,boundary
com/lumiyaviewer/lumiya/utils/BitBuffer.kt,src/migration_batch3_small3.rs,behavior
com/lumiyaviewer/lumiya/utils/StringUtils.kt,src/migration_batch3_small3.rs,behavior
com/lumiyaviewer/lumiya/slproto/modules/mutelist/MuteType.kt,src/migration_batch3_small4.rs,behavior
com/lumiyaviewer/lumiya/slproto/types/EDeRezDestination.kt,src/migration_batch3_small4.rs,behavior
